1;Combo Sách Kỹ Năng: Đắc Nhân Tâm + Đọc Vị Bất Kỳ Ai + Quẳng Gánh Lo Đi Và Vui Sống + Tuổi Trẻ Đáng Giá Bao Nhiêu? + Nhà Giả Kim (Top 5 Cuốn Sách Kỹ Năng Sống/ Tư Duy Và Làm Việc Bán Chạy Nhất Thế Giới - Tặng Kèm Postcard Green Life);332500 ;https://salt.tikicdn.com/cache/200x200/ts/product/a5/37/16/77be41380a4012da709bf47ce20cfabd.jpg
2;Sách Muôn Kiếp Nhân Sinh Tặng Bookmark;105800 ;https://salt.tikicdn.com/ts/upload/dc/0d/49/3251737db2de83b74eba8a9ad6d03338.png
3;Kỷ Luật Tự Giác (Tặng Kèm Bookmark );59000 ;https://salt.tikicdn.com/ts/upload/dc/0d/49/3251737db2de83b74eba8a9ad6d03338.png
4;Sách Người trong muôn nghề: Ngành Kinh tế có gì?;149500 ;https://salt.tikicdn.com/ts/upload/dc/0d/49/3251737db2de83b74eba8a9ad6d03338.png
5;How Psychology Works - Hiểu Hết Về Tâm Lý Học;271350 ;https://salt.tikicdn.com/cache/200x200/ts/product/2b/84/ff/cb34637573525a998596b58d6939411e.jpg
6;Đừng Chạy Theo Số Đông - Cuốn Sách Bạn Cần Đọc Trước Khi Quá Muộn;118700 ;https://salt.tikicdn.com/ts/upload/dc/0d/49/3251737db2de83b74eba8a9ad6d03338.png
7;Sách Seneca: Những Bức Thư Đạo Đức – Chủ nghĩa Khắc kỷ trong đời sống;129500 ;https://salt.tikicdn.com/ts/upload/dc/0d/49/3251737db2de83b74eba8a9ad6d03338.png
8;Sách Đen - Bộ Công Cụ Của Phụ Nữ Thành Đạt;52500 ;https://salt.tikicdn.com/ts/upload/dc/0d/49/3251737db2de83b74eba8a9ad6d03338.png
9;Cuốn Sách Cực Hay về Tâm Lý Học: Tâm Lý Học - Nghệ Thuật Giải Mã Hành Vi ( tặng kèm bookmark thiết kế );135500 ;https://salt.tikicdn.com/cache/200x200/ts/product/38/7e/a4/6d80113dadbaea7c82a2ad4834051fbe.jpg
10;Combo Sách Kỹ Năng: Đắc Nhân Tâm + Đọc Vị Bất Kỳ Ai + Quẳng Gánh Lo Đi Và Vui Sống + Tuổi Trẻ Đáng Giá Bao Nhiêu? + Nhà Giả Kim (Top 5 Cuốn Sách Kỹ Năng Sống/ Tư Duy Và Làm Việc Bán Chạy Nhất Thế Giới - Tặng Kèm Postcard Green Life);332500 ;https://salt.tikicdn.com/cache/200x200/ts/product/a5/37/16/77be41380a4012da709bf47ce20cfabd.jpg
11;Sách Người trong muôn nghề;139000 ;https://salt.tikicdn.com/ts/upload/dc/0d/49/3251737db2de83b74eba8a9ad6d03338.png
12;Cuốn Sách Cực Hay về Tâm Lý Học: Tâm Lý Học - Nghệ Thuật Giải Mã Hành Vi ( tặng kèm bookmark thiết kế );135500 ;https://salt.tikicdn.com/cache/200x200/ts/product/38/7e/a4/6d80113dadbaea7c82a2ad4834051fbe.jpg
13;COMBO SÁCH: KHƠI DẬY CẢM HỨNG HỌC TẬP + BÍ KÍP HỌC TẬP TOÀN DIỆN;345000 ;https://salt.tikicdn.com/ts/upload/dc/0d/49/3251737db2de83b74eba8a9ad6d03338.png
14;COMBO SÁCH: KHƠI DẬY CẢM HỨNG HỌC TẬP + BÍ KÍP HỌC TẬP TOÀN DIỆN;345000 ;https://salt.tikicdn.com/ts/upload/dc/0d/49/3251737db2de83b74eba8a9ad6d03338.png
15;Sách Người Trong Muôn Nghề: Ngành IT có gì?;149000 ;https://salt.tikicdn.com/ts/upload/dc/0d/49/3251737db2de83b74eba8a9ad6d03338.png
16;Sách - Hành Trình Về Phương Đông (Bìa Mềm - Tái bản 2021) - First News;103500 ;https://salt.tikicdn.com/cache/200x200/ts/product/25/5a/d4/fc46af47ce7a83545a7f5c1344d260b7.jpg
17;Đàn Ông Sao Hỏa Đàn Bà Sao Kim;135360 ;https://salt.tikicdn.com/cache/200x200/ts/product/0a/f6/38/bc10734989977da424642a1c4750eee2.jpg
18;Sách - Cảm Xúc Là Kẻ Thù Số Một Của Thành Công - Phiên Bản 2021;150000 ;https://salt.tikicdn.com/ts/upload/dc/0d/49/3251737db2de83b74eba8a9ad6d03338.png
19;Tâm Lý Học Nói Gì Về Nỗi Đau? (Bộ Sách Nhỏ Về Tâm Lý);59900 ;https://salt.tikicdn.com/ts/upload/dc/0d/49/3251737db2de83b74eba8a9ad6d03338.png
20;Cuốn Sách Hoàn Hảo Về Ngôn Ngữ Cơ Thể - Body Language (Tái Bản);137000 ;https://salt.tikicdn.com/ts/upload/dc/0d/49/3251737db2de83b74eba8a9ad6d03338.png
21;Combo Sách Kỹ Năng: Đắc Nhân Tâm + Đọc Vị Bất Kỳ Ai + Quẳng Gánh Lo Đi Và Vui Sống + Tuổi Trẻ Đáng Giá Bao Nhiêu? + Nhà Giả Kim (Top 5 Cuốn Sách Kỹ Năng Sống/ Tư Duy Và Làm Việc Bán Chạy Nhất Thế Giới - Tặng Kèm Postcard Green Life);339350 ;https://salt.tikicdn.com/cache/200x200/ts/product/a5/37/16/77be41380a4012da709bf47ce20cfabd.jpg
22;SÁCH KÍCH HOẠT THIÊN TÀI SÁNG TẠO;400000 ;https://salt.tikicdn.com/cache/200x200/ts/product/70/dd/84/dcff0b0cd453eb08bb88ce83fee2c50b.jpg
23;Combo 7 Cuốn Tủ Sách Tinh Hoa : Nhà Giả Kim + Đắc Nhân Tâm + Đọc Vị Bất Kỳ Ai + Khéo Ăn Nói Sẽ Có Được Thiên Hạ + Cư Xử Như Đàn Bà Suy Nghĩ Như Đàn Ông + Tuổi Trẻ Đáng Giá Bao Nhiêu + Quẳng Gánh Lo Đi Và Vui Sống / BooksetMK;515500 ;https://salt.tikicdn.com/cache/200x200/ts/product/20/48/db/519bf4ba1852b2ec32b91f8e248d9742.jpg
24;Sách - HBR Trí Tuệ Xúc Cảm – Emotional Intelligence (Bộ 10 Cuốn);792000 ;https://salt.tikicdn.com/ts/upload/dc/0d/49/3251737db2de83b74eba8a9ad6d03338.png
25;Đừng Chạy Theo Số Đông - Cuốn Sách Bạn Cần Đọc Trước Khi Quá Muộn;179500 ;https://salt.tikicdn.com/cache/200x200/ts/product/95/c5/71/f260011660001af960c42d7d2f1c5dc1.jpg
26;Sách TUỔI TRẺ phải đọc : 999 LÁ THƯ GỬI CHO CHÍNH MÌNH - MONG BẠN TRỞ THÀNH PHIÊN BẢN HẠNH PHÚC NHẤT ( tập 2 ) - tặng kèm BOOKMARK HAPPY LIFE;99000 ;https://salt.tikicdn.com/cache/200x200/ts/product/bc/6d/f3/9903c804f6a6826d628efa06363362a2.jpg
27;Quẳng Gánh Lo Đi Và Vui Sống (Nguyễn Hiến Lê - Bộ Sách Sống Sao Cho Đúng);57200 ;https://salt.tikicdn.com/ts/upload/dc/0d/49/3251737db2de83b74eba8a9ad6d03338.png
28;Bộ Sách Nhỏ Về Tâm Lý: Tâm Lý Học Nói Gì Về Hạnh Phúc;34000 ;https://salt.tikicdn.com/ts/upload/dc/0d/49/3251737db2de83b74eba8a9ad6d03338.png
29;Lối Sống Tối Giản Của Người Nhật;85000 ;https://salt.tikicdn.com/cache/200x200/media/catalog/product/b/i/bia_loi-song-toi-gian-cua-nguoi-nhat.u2751.d20170222.t225522.277804.jpg
30;Đọc Sách Cộng Hưởng;48300 ;https://salt.tikicdn.com/ts/upload/dc/0d/49/3251737db2de83b74eba8a9ad6d03338.png
31;Bộ Sách Jim Rohn: Bốn Mùa Cuộc Sống - Châm Ngôn Ngày Mới (Tái Bản);45100 ;https://salt.tikicdn.com/ts/upload/dc/0d/49/3251737db2de83b74eba8a9ad6d03338.png
32;Kiên Trì Ắt Được Đền Đáp (Tặng Kèm Bộ Bookmark TiKi Mầm Sách);49300 ;https://salt.tikicdn.com/ts/upload/dc/0d/49/3251737db2de83b74eba8a9ad6d03338.png
33;Đắc Nhân Tâm - Phiên Bản Dành Cho Doanh Nhân;108000 ;https://salt.tikicdn.com/cache/200x200/ts/product/e9/37/66/7337eb04f9dccc6a4b3cc028283a9393.jpg
34;Bộ sách Thay thói quen – Đổi vận mệnh;158000 ;https://salt.tikicdn.com/ts/upload/dc/0d/49/3251737db2de83b74eba8a9ad6d03338.png
35;Dám mơ lớn/ đừng hoài phí tuổi trẻ - Tặng kèm bookmark;71585 ;https://salt.tikicdn.com/cache/200x200/ts/product/0d/3e/8b/61ea373ffb9145b08eb3feab3fab8dfc.jpg
36;Combo Tuyệt Phẩm Của Tác Giả Văn Tình : Lấy Tình Thâm Mà Đổi Đầu Bạc + Khí Chất Bao Nhiêu/ Hạnh Phúc Bấy Nhiêu + Bạn Đắt Giá Bao Nhiêu? + Không Tự Khinh Bỉ Không Tự Phí Hoài / BooksetMK (Bộ Sách Thay Đổi Tư Duy Không Chỉ Dành Cho Phái Đẹp);309500 ;https://salt.tikicdn.com/cache/200x200/ts/product/e7/82/e0/43696fed1abc47ac681b13370e9887ab.jpg
37;Sống Thật Bao Nhiêu / Hạnh Phúc Bấy Nhiêu;115200 ;https://salt.tikicdn.com/cache/200x200/ts/product/1c/e7/69/feff04d544667dc87961dbbd1dd9db23.jpg
38;Bộ Sách Jim Rohn - Chìa Khóa Thành Công (Tái Bản);53560 ;https://salt.tikicdn.com/cache/200x200/ts/product/63/b2/b6/51fecc7fb344eba1ac00e97a1a40bf7b.jpg
39;Combo sách hay mọi thời đại : Nhà giả kim+ Hành trình về phương đông ( khổ lớn _ tặng kèm BOOKMARK HAPPY LIFE );157000 ;https://salt.tikicdn.com/cache/200x200/ts/product/1d/ab/58/9ddf31668ce7a1d38324eccb5f0f874c.jpg
40;Combo Sách Tư Duy Kỹ Năng Sống Hay : 999 Lá Thư Gửi Cho Chính Mình + Đừng Lựa Chọn An Nhàn Khi Còn Trẻ ( Tặng Kèm Postcard Happy Life );178350 ;https://salt.tikicdn.com/cache/200x200/ts/product/e3/a4/98/4395702f759f4e84b4941c0d46fd7bfe.jpg
41;Sách combo từ điển tiếng em và vui vẻ không quạu nha;123500 ;https://salt.tikicdn.com/cache/200x200/ts/product/08/7b/04/c71761a8d6452ff68dc62f189bab2fdb.jpeg
42;Combo 3 Cuốn Sách: Trở Về Từ Cõi Sáng + Minh Triết Trong Đời Sống + Dấu Chân Trên Cát (Tái Bản);258700 ;https://salt.tikicdn.com/ts/upload/dc/0d/49/3251737db2de83b74eba8a9ad6d03338.png
43;Bộ Sách Chiến Thuật Dành Cho Người Trẻ: Chiến Thuật Quản Lý Thời Gian + Chiến Thuật Loại Bỏ Lo Lắng (Bộ 2 Cuốn);118700 ;https://salt.tikicdn.com/ts/upload/dc/0d/49/3251737db2de83b74eba8a9ad6d03338.png
44;Sách DevUP;149000 ;https://salt.tikicdn.com/ts/upload/dc/0d/49/3251737db2de83b74eba8a9ad6d03338.png
45;Sách - Cảm Xúc Là Kẻ Thù Số Một Của Thành Công - Phiên Bản 2021;150000 ;https://salt.tikicdn.com/ts/upload/dc/0d/49/3251737db2de83b74eba8a9ad6d03338.png
46;Combo 4 Cuốn Nhà Giả Kim + Khéo Ăn Nói Sẽ Có Được Thiên Hạ + Tuổi Trẻ Đáng Giá Bao Nhiêu + Đắc Nhân Tâm ( Những Cuốn Sách Hay Nhất Về Tư Duy-Kiến Thức );301500 ;https://salt.tikicdn.com/cache/200x200/ts/product/14/4e/98/6b1a1bb810d9cb682429e0b90570aff2.jpg
47;Combo sách TUỔI TRẺ ĐẤNG ĐỌC NHẤT :999 Lá Thư Gửi Cho Chính Mình - Mong Bạn Trở Thành Phiên Bản Hoàn Hảo Nhất + Mong Bạn Trở Thành Phiên Bản Hanh Phúc Nhất ( BỘ 2 TẬP _tặng kèm BOOKMARK HAPPY LIE );198000 ;https://salt.tikicdn.com/cache/200x200/ts/product/2d/9b/ac/a569f8d28fe5e6b08c43f9a96eeb610f.jpg
48;Combo Hộp Sách 3 Cuốn (Đắc Nhân Tâm + Quẳng Gánh Lo Đi Và Vui Sống + Nghệ Thuật Nói Trước Công Chúng) (Tái Bản);162946 ;https://salt.tikicdn.com/cache/200x200/ts/product/1f/b1/04/8b4246123f14633a8b6b2d3d883bf0d2.jpg
49;Sách - Hành Trình Về Phương Đông (Bìa Mềm - Tái bản 2021) - First News;103500 ;https://salt.tikicdn.com/cache/200x200/ts/product/25/5a/d4/fc46af47ce7a83545a7f5c1344d260b7.jpg
50;Đánh Thức Nữ Hoàng Trong Tôi – Cuốn Sách Kinh Điển Giúp Bạn Hoàn Thiện Chính Mình;64993 ;https://salt.tikicdn.com/cache/200x200/ts/product/bd/8c/51/03464622de5eb58f857980e1fc26ab16.jpg
51;Combo Sách Kỹ Năng Sống Hay Dành Cho Tuổi Trẻ: Tuổi Trẻ Đáng Giá Bao Nhiêu + Đừng Lựa Chọn An Nhàn Khi Còn Trẻ - (Tặng Kèm Bookmark Thiết Kế);158500 ;https://salt.tikicdn.com/cache/200x200/ts/product/80/3b/e2/fc8ebacfec38cbe6d3254aec6b8d011b.jpg
52;Combo Sách Kỹ Năng Sống Best-Seller Của Tác Giả Nguyên Phong: Đường Mây Qua Xứ Tuyết (Tái Bản) + Bên Rặng Tuyết Sơn (Tái Bản) / Những Cuốn Sách Khơi Dậy Những Giá Trị Cao Đẹp;151500 ;https://salt.tikicdn.com/cache/200x200/ts/product/e3/c7/01/14475057f08885ba960d5f91939616ea.jpg
53;Range - Hiểu Sâu Biết Rộng Kiểu Gì Cũng Thắng;138800 ;https://salt.tikicdn.com/ts/upload/dc/0d/49/3251737db2de83b74eba8a9ad6d03338.png
54;Lựa Chọn Nào Cũng Cần Dũng Khí - Tủ Sách Quý Cô;58000 ;https://salt.tikicdn.com/ts/upload/dc/0d/49/3251737db2de83b74eba8a9ad6d03338.png
55;Sách Phương pháp học nhanh gấp 16 lần;113500 ;https://salt.tikicdn.com/ts/upload/dc/0d/49/3251737db2de83b74eba8a9ad6d03338.png
56;Sách - The Having Tư Duy Thịnh Vượng;117000 ;https://salt.tikicdn.com/cache/200x200/ts/product/66/3d/e4/4ed2494113e60edbc888a9e588a17007.jpg
57;Combo Sách Tư Duy Kỹ Năng Sống Hay : 999 Lá Thư Gửi Cho Chính Mình + Đừng Lựa Chọn An Nhàn Khi Còn Trẻ ( Tặng Kèm Postcard Happy Life );178350 ;https://salt.tikicdn.com/cache/200x200/ts/product/e3/a4/98/4395702f759f4e84b4941c0d46fd7bfe.jpg
58;Combo 2 Cuốn Sách Tư Duy - Kỹ Năng Sống Làm Thay Đổi Cuộc Đời Bạn: Đàn Ông Sao Hỏa Đàn Bà Sao Kim + Cân Bằng Cảm Xúc/ Cả Lúc Bão Giông / Tặng Kèm Bookmark Happy Life;250500 ;https://salt.tikicdn.com/cache/200x200/ts/product/0c/11/9e/737386c7b973a3253b76eaa9c18ac58a.jpg
59;Combo Đắc Nhân Tâm / Quẳng Gánh Lo Đi Mà Vui Sống / Khéo Ăn Nói Sẽ Có Được Thiên Hạ/ Đọc Vị Bất Kì Ai (Top Sách Kỹ Năng Sống Để Thành Công & Hạnh Phúc);309500 ;https://salt.tikicdn.com/cache/200x200/ts/product/fe/db/27/50bfaed0004a15bb0412003876e20544.jpg
60;Sách Bộ Não Của Phật;252000 ;https://salt.tikicdn.com/ts/upload/dc/0d/49/3251737db2de83b74eba8a9ad6d03338.png
61;Thay Đổi Cuộc Sống Với Nhân Số Học;229500 ;https://salt.tikicdn.com/cache/200x200/ts/product/15/11/f8/56b303e000cb42faada663569fc5d7c9.jpg
62;Bộ Sách Hay: Thay Đổi Bản Thân Làm Chủ Cuộc Sống (7 Cuốn);700000 ;https://salt.tikicdn.com/ts/upload/dc/0d/49/3251737db2de83b74eba8a9ad6d03338.png
63;Gương Danh Nhân - Những Bài Học Thành Công (Nguyễn Hiến Lê - Bộ Sách Sống Sao Cho Đúng);61200 ;https://salt.tikicdn.com/ts/upload/dc/0d/49/3251737db2de83b74eba8a9ad6d03338.png
64;Combo sách Khí Chất Bao Nhiêu Hạnh Phúc Bấy Nhiêu - Bạn Đắt Giá Bao Nhiêu (Tái Bản 2019) - Tặng kèm Bookmark;183500 ;https://salt.tikicdn.com/cache/200x200/ts/product/49/e8/04/8824e4d97f4e859203e5db0b8fd66dd9.jpg
